Val_Balanced_Accuracy,Train_Bal_Acc.
0.5,0.550000011920929
0.5,0.4750000238418579
